{
    "_inherit": true,
    "_variables": {
        "@TitleSize": "16px",
        "@SubtitleSize": "10px",
        "@TextSize": "12px",
        "@TableTextSize": "12px",
        "@ChartTextSize": "10px",
        "@FooterSize": "10px",
        "@TitleColor": "#DA202A",
        "@SubtitleColor": "#53535A",
        "@TextColor": "#53535A",
        "@FooterColor": "#53535A",
        "@BackgroundColor": "#ffffff",
        "@AxisMajorColor": "#eeeeee",
        "@AxisMinorColor": "#eeeeee",
        "@AxisLabelColor": "#000000",
        "@MainTextColor": "#ffffff"
    },
    "customStyles": [
        {
            "cssRef": "theme.css",
            "classRef": "sense-theme"
        }
    ],
    "color": "@TextColor",
    "fontSize": "@TextSize",
    "backgroundColor": "@BackgroundColor",
    "dataColors": {
        "primaryColor": "#DA202A",
        "othersColor": "#CC9B00",
        "errorColor": "#CC4000",
        "nullColor": "#CCCCCC"
    },
    "object": {
        "title": {
            "main": {
                "color": "@TitleColor",
                "fontSize": "@TitleSize"
            },
            "subTitle": {
                "color": "@SubtitleColor",
                "fontSize": "@SubtitleSize"
            },
            "footer": {
                "color": "@FooterColor",
                "fontSize": "@FooterSize",
                "backgroundColor": "#ffffff"
            }
        },
        "label": {
            "name": {
                "color": "@TextColor",
                "fontSize": "@TextSize"
            },
            "value": {
                "color": "@TextColor",
                "fontSize": "@TextSize"
            }
        },
        "axis": {
            "title": {
                "color": "@AxisLabelColor",
                "fontSize": "@TextSize"
            },
            "label": {
                "name": {
                    "color": "@AxisLabelColor",
                    "fontSize": "@ChartTextSize"
                }
            },
            "line": {
                "major": {
                    "color": "#eeeeee"
                },
                "minor": {
                    "color": "#eeeeee"
                }
            }
        },
        "grid": {
            "line": {
                "highContrast": {
                    "color": "#eeeeee"
                },
                "major": {
                    "color": "#eeeeee"
                },
                "minor": {
                    "color": "#eeeeee"
                }
            }
        },
        "referenceLine": {
            "label": {
                "name": {
                    "color": "@TextColor",
                    "fontSize": "@TextSize"
                }
            },
            "outOfBounds": {
                "color": "@TextColor",
                "backgroundColor": "#ffffff",
                "fontSize": "@TextSize"
            }
        },
        "legend": {
            "title": {
                "color": "@TextColor",
                "fontSize": "@TextSize"
            },
            "label": {
                "color": "@TextColor",
                "fontSize": "@ChartTextSize"
            }
        },
        "straightTable": {
            "header": {
                "fontSize": "@TableTextSize",
                "color": "@TextColor"
            },
            "content": {
                "fontSize": "@TableTextSize",
                "color": "@TextColor"
            }
        }
    },
    "palettes": {
        "data": [
            {
                "name": "RM Dimension Colors",
                "translation": "RM Dimension Colors",
                "propertyValue": "RMG001",
                "type": "row",
                "scale": [
                    "#DA202A",
                    "#EB7D27",
                    "#FDDA24",
                    "#62A531",
                    "#0892CB",
                    "#EC9499",
                    "#AFBF2A",
                    "#FEFBA7",
                    "#BFE3A4",
                    "#8AD9FB",
                    "#404044",
                    "#53535A",
                    "#088578",
                    "#AADAEA",
                    "#F4F4F3",
                    "#C1C6C8",
                    "#6BB6AE",
                    "#DDF0F7"
                ]
            }
        ],
        "ui": [
            {
                "name": "Royal Mail Mixed Pallet",
                "colors": [
                    "#DA202A",
                    "#EB7D27",
                    "#FDDA24",
                    "#62A531",
                    "#0892CB",
                    "#EC9499",
                    "#AFBF2A",
                    "#FEFBA7",
                    "#BFE3A4",
                    "#8AD9FB",
                    "#000000",
                    "#404044",
                    "#53535A",
                    "#088578",
                    "#AADAEA",
                    "#FFFFFF",
                    "#F4F4F3",
                    "#C1C6C8",
                    "#6BB6AE",
                    "#DDF0F7"
                ]
            }
        ]
    },
    "scales": [
        {
            "name": "RM Red Gradient",
            "translation": "Red Gradient",
            "type": "gradient",
            "propertyValue": "RMG002",
            "scale": [
                "#DA202A",
                "#EC9499"
            ]
        },
        {
            "name": "RM Green Gradient",
            "translation": "Green Gradient",
            "type": "gradient",
            "propertyValue": "RMG003",
            "scale": [
                "#62A531",
                "#BFE3A4"
            ]
        },
        {
            "name": "RM Blue Gradient",
            "translation": "Blue Gradient",
            "type": "gradient",
            "propertyValue": "RMG004",
            "scale": [
                "#0892CB",
                "#AADAEA"
            ]
        },
        {
            "name": "RM Yellow Gradient",
            "translation": "Yellow Gradient",
            "type": "gradient",
            "propertyValue": "RMG005",
            "scale": [
                "#FDDA24",
                "#FEFBA7"
            ]
        },
        {
            "name": "RM RAG Gradient",
            "translation": "Red Amber Green Gradient",
            "type": "gradient",
            "propertyValue": "RMG006",
            "scale": [
                "#DA202A",
                "#EB7D27",
                "#62A531"
            ]
        },
        {
            "name": "RM RG Gradient",
            "translation": "Red Green Gradient",
            "type": "gradient",
            "propertyValue": "RMG007",
            "scale": [
                "#DA202A",
                "#62A531"
            ]
        },
        {
            "name": "RM BG Gradient",
            "translation": "Blue Green Gradient",
            "type": "gradient",
            "propertyValue": "RMG008",
            "scale": [
                "#0892CB",
                "#62A531"
            ]
        },
        {
            "name": "RM Blues Gradient",
            "translation": "Blues Gradient",
            "type": "gradient",
            "propertyValue": "RMG009",
            "scale": [
                "#0892CB",
                "#8AD9FB",
                "#AADAEA",
                "#6BB6AE",
                "#088578",
                "#BFE3A4",
                "#62A531"
            ]
        },
        {
            "name": "RM Measure Mixed Class",
            "translation": "Blues fixed colors",
            "type": "class",
            "propertyValue": "RMG010",
            "scale": [
                "#0892CB",
                "#8AD9FB",
                "#AADAEA",
                "#6BB6AE",
                "#088578",
                "#BFE3A4",
                "#62A531"
            ]
        },
        {
            "name": "RM Measure Mixed Class",
            "translation": "Mixed fixed colors",
            "type": "class",
            "propertyValue": "RMG011",
            "scale": [
                "#DA202A",
                "#EB7D27",
                "#FDDA24",
                "#62A531",
                "#0892CB",
                "#EC9499",
                "#AFBF2A",
                "#FEFBA7",
                "#BFE3A4",
                "#8AD9FB",
                "#404044",
                "#53535A",
                "#088578",
                "#AADAEA",
                "#F4F4F3",
                "#C1C6C8",
                "#6BB6AE",
                "#DDF0F7"
            ]
        }
    ]
}